tconst,averageRating,numVotes
tt0293429,6.1,203786
tt0437086,7.3,322119
tt0439572,6.6,245757
tt0448115,7.0,411457
tt0451279,7.3,733137
tt0493405,6.0,53906
tt0498381,4.5,45617
tt0781524,5.6,42
tt0837563,5.7,104430
tt0870154,6.5,226189
tt0887261,5.9,55228
tt0974015,6.0,502997
tt0993840,5.8,200066
tt10013634,7.3,13
tt10016180,6.3,140189
tt10023022,5.6,13183
tt10037014,5.9,11148
tt10039344,5.4,52542
tt10077034,4.2,3314
tt10080270,5.8,1737
tt10097362,3.9,446
tt10098448,7.1,16475
tt10101702,6.8,5051
tt10121392,4.6,48270
tt10131024,5.7,11785
tt10151854,5.9,144175
tt10155932,4.4,50181
tt10160974,4.9,2115
tt1016150,7.8,311966
tt10168670,6.8,72811
tt10171796,5.3,448
tt10187208,6.7,31225
tt10192406,6.6,26681
tt10198564,4.3,1946
tt10217566,8.6,48
tt10223460,6.1,47877
tt10228134,5.6,39078
tt10230994,5.7,30488
tt10231726,3.3,313
tt10241772,5.3,3175
tt10242388,5.7,35879
tt1025100,5.7,130478
tt10260844,3.8,984
tt10268488,6.8,36572
tt10268708,7.0,65
tt10274594,7.0,278
tt10275534,6.6,56382
tt10279472,3.7,11112
tt10293406,6.8,221562
tt10298810,6.1,135196
tt10298840,5.7,50325
tt10300662,5.2,479
tt10304142,6.2,106596
tt10323178,4.2,568
tt10323676,5.8,34871
tt10327252,5.4,48392
tt10327974,6.6,186
tt10342730,5.2,76492
tt10343028,6.4,17896
tt1034385,6.0,19952
tt1034415,6.7,104444
tt10362566,5.3,6247
tt10365998,6.0,73052
tt10366206,7.6,406963
tt10366460,8.0,205008
tt10370710,7.7,124502
tt10399608,6.1,15978
tt10403420,6.0,81358
tt10405142,6.1,4927
tt10418662,4.9,28713
tt10418680,5.5,712
tt10431332,5.6,148
tt10451312,5.4,4275
tt10451914,5.4,48220
tt10473036,6.2,6585
tt10483152,6.9,3054
tt10515988,5.3,19942
tt10521144,5.8,11490
tt10559102,4.4,4035
tt10579942,7.2,16
tt10602182,6.3,667
tt10603396,6.2,496
tt10633878,5.3,140
tt10640346,7.1,204517
tt10645682,4.3,3491
tt10648342,6.1,456348
tt10661710,6.8,5369
tt10665338,5.5,107702
tt10665342,5.0,82267
tt10669914,5.3,311
tt10676012,6.3,39055
tt10691162,5.3,19903
tt10696784,6.6,77154
tt10696896,6.6,63605
tt10719596,5.9,46
tt10722406,4.9,490
tt1072748,5.5,39193
tt10731256,6.3,175027
tt10731768,5.5,37997
tt10763820,5.7,24232
tt10767168,6.6,9035
tt10801582,7.3,77
tt10808502,6.6,15
tt10809742,4.2,1241
tt10820876,5.9,41
tt10838180,5.6,301451
tt10841088,5.6,2629
tt10855768,7.1,71239
tt10857178,7.4,396
tt10872600,8.1,1007108
tt10914482,4.7,622
tt10929896,5.9,18
tt10932544,6.9,39
tt10944596,6.7,6518
tt10944760,6.4,65627
tt10945274,6.4,3131
tt10949028,5.8,2038
tt10954600,6.0,266823
tt10954652,5.8,182411
tt10954984,6.8,313100
tt10999120,6.6,59377
tt11005128,4.6,2120
tt11012066,3.6,23160
tt11018264,5.9,1245
tt11069038,6.4,1137
tt11083552,7.1,236485
tt11084896,5.5,5398
tt11116912,5.8,58390
tt11125620,5.4,17959
tt11138512,7.0,296945
tt11145118,6.7,106210
tt11160650,7.0,10259
tt11166250,9.0,12
tt11184428,5.8,58
tt11186952,4.6,752
tt11196036,6.2,46955
tt11198810,7.3,49103
tt11203022,5.4,4030
tt11207270,4.8,328
tt11209212,5.8,8428
tt11212572,5.8,8966
tt11214590,6.6,174020
tt11230050,3.4,998
tt11233960,7.2,127462
tt11235772,6.1,47838
tt11242162,7.0,9121
tt11245972,6.3,185271
tt11252248,6.5,52040
tt11263022,4.6,6049
tt11271038,7.1,159002
tt11278608,5.3,530
tt11285158,8.3,33
tt11286314,7.1,665890
tt11291274,7.0,177789
tt11291314,6.0,18
tt11301946,5.2,39135
tt11304504,6.3,2747
tt11307814,5.5,15823
tt11309740,6.5,61
tt11348232,2.6,7523
tt11358390,6.4,118954
tt11365186,6.8,20011
tt11366674,6.4,3799
tt1137450,6.3,82904
tt1139592,3.9,26670
tt11399896,4.4,1625
tt11409820,5.1,929
tt11426538,4.5,3033
tt11433048,5.8,1844
tt11454320,4.9,3096
tt11455260,5.4,1141
tt11464730,5.2,2288
tt11466222,6.8,54626
tt11469000,5.2,15
tt11488800,3.3,70
tt11514780,4.8,28725
tt11525644,6.4,44754
tt11540726,5.9,13728
tt11563030,4.2,42
tt11657662,7.2,54910
tt11671006,5.8,66314
tt11686490,5.3,19492
tt11687104,5.6,14606
tt11696276,3.7,2431
tt11696342,4.8,1002
tt11703050,6.8,25655
tt11703710,7.4,38185
tt11718516,6.0,7510
tt11727866,6.6,9490
tt11734264,4.8,9168
tt11755740,4.7,69691
tt11762434,2.5,15966
tt11797376,5.5,1797
tt11807888,5.9,6305
tt11813216,7.6,293114
tt11820950,6.2,12455
tt11827628,5.8,41840
tt11832046,6.1,9530
tt11833408,4.5,3538
tt11833670,3.7,364
tt11833692,3.5,529
tt11833710,3.1,732
tt11847410,7.0,42206
tt11851548,5.9,53631
tt11866324,7.1,270174
tt11881160,5.6,7652
tt11892916,5.0,2528
tt11893274,7.4,14664
tt11897478,6.6,30283
tt11909878,6.0,59009
tt11915736,4.8,19
tt11952606,5.3,3179
tt12003946,6.7,120868
tt12004038,6.3,60889
tt12058412,5.3,94
tt1206885,6.1,118983
tt12076762,7.0,434
tt1213641,7.3,214904
tt12141112,6.7,36520
tt12146654,2.5,235
tt12193804,6.6,26818
tt12197580,6.1,47
tt1219827,6.3,238783
tt12240392,6.3,85
tt12261776,5.4,105693
tt12262116,7.8,78315
tt12263384,7.0,171492
tt12264966,6.4,3315
tt1226837,7.4,126371
tt12306964,6.6,2709
tt12311620,6.3,10599
tt12335692,3.5,14543
tt12352250,2.3,258
tt12358104,4.3,5650
tt12361974,7.9,470674
tt12383460,5.3,22079
tt12390388,5.5,83
tt12390572,5.1,4885
tt12412166,5.2,3605
tt12412888,6.5,114732
tt12428098,6.9,178
tt12444934,3.8,2024
tt12447796,5.4,7749
tt12448082,4.3,513
tt12519030,6.2,17852
tt12530246,6.3,31013
tt12550376,4.5,5650
tt12573454,6.7,38451
tt12579120,6.2,570
tt12593682,7.3,528272
tt1259528,7.0,152386
tt12610794,4.7,2264
tt12616964,5.6,444
tt12672536,6.7,26593
tt12676006,5.2,5437
tt12678146,5.2,1812
tt12683756,6.1,12312
tt12689248,3.4,1922
tt12703292,6.4,3847
tt1270797,6.6,602452
tt12715472,6.1,1363
tt12718300,6.4,27013
tt12724040,5.6,373
tt12726428,6.0,1836
tt12753120,6.3,9127
tt12758060,7.4,105640
tt12758486,6.5,8061
tt12764628,4.5,1992
tt12783454,4.8,26572
tt12800524,5.9,11581
tt12801262,7.4,220961
tt12808182,5.3,10415
tt12823454,5.7,44283
tt12847680,5.9,1586
tt1285009,5.3,40014
tt12851396,6.6,7207
tt12856788,6.6,3850
tt12861508,3.0,5820
tt12873562,5.3,40294
tt12877640,5.7,24578
tt12885852,6.1,8124
tt12887770,6.6,4955
tt12889404,6.4,16191
tt12908110,6.0,44039
tt12934940,4.9,374
tt1293847,5.2,101474
tt12965390,5.5,4816
tt1298644,5.5,72021
tt12996154,2.7,28039
tt13007592,6.2,22220
tt1302006,7.8,469474
tt13024674,6.4,97323
tt13029044,5.0,22728
tt13051724,6.4,3844
tt13051810,5.2,8847
tt13055982,4.8,4021
tt13056008,5.4,24376
tt13067292,3.5,3178
tt13069986,4.8,24500
tt13070038,4.8,15061
tt13075730,4.2,2173
tt13079150,6.1,9101
tt13103732,5.3,8806
tt13109952,6.9,30384
tt13117446,3.3,2293
tt13139228,6.6,25547
tt13141250,4.3,8972
tt13141604,2.7,172
tt13175506,6.8,747
tt13191918,5.8,49
tt13223398,5.6,47747
tt13229894,7.1,28824
tt13235822,4.7,11603
tt13249596,5.9,14792
tt13259610,3.8,5380
tt13262868,7.2,21
tt13265876,3.0,7063
tt13269536,6.3,18611
tt13269616,6.2,813
tt13280054,5.5,6006
tt13296032,2.1,849
tt13314558,6.1,98590
tt13315004,6.3,31
tt13320622,6.1,175529
tt13320662,6.7,35817
tt13322120,4.2,11057
tt13327038,6.3,56627
tt13338724,5.4,12
tt13345606,6.5,165799
tt13349892,6.4,3664
tt13352968,7.2,43968
tt13358022,5.3,2129
tt13365876,7.0,5143
tt13375076,6.1,101368
tt13382698,5.1,3501
tt13392012,4.3,6735
tt13393128,7.3,1678
tt13399534,4.7,50
tt13403046,6.7,91714
tt13405778,5.5,62984
tt13406136,5.7,17011
tt13429362,5.1,12776
tt13430858,6.3,12327
tt13432484,3.3,3391
tt13438734,4.3,4288
tt13468602,4.6,6766
tt13470094,4.2,997
tt13479592,5.4,1704
tt13483866,6.5,4315
tt13496236,3.4,2831
tt13519116,7.2,8
tt13521006,6.6,77874
tt13525334,6.9,47
tt13560574,6.5,222139
tt13563520,2.7,689
tt13575806,6.5,12343
tt13603778,5.4,2466
tt13614388,4.9,1966
tt13623880,5.0,3105
tt13634480,4.4,19725
tt13640696,6.5,73230
tt13648228,5.4,4985
tt13650494,6.3,1873
tt13651858,3.8,4108
tt1365519,6.3,240566
tt13655328,4.8,9707
tt13660896,7.1,77
tt13660916,5.8,3449
tt13669038,6.9,63525
tt13680520,4.2,2974
tt13698942,5.1,7238
tt13717980,5.5,5218
tt13774454,6.3,4547
tt13802544,6.8,58
tt13804084,6.4,10332
tt13822738,5.8,9592
tt13831544,3.7,823
tt13833688,7.6,279328
tt13834480,5.1,5063
tt13841850,6.0,77658
tt13842562,7.0,6112
tt13846402,6.9,3634
tt13857556,5.3,4810
tt13863334,4.7,3057
tt13867056,6.1,883
tt13872380,4.2,752
tt13873302,6.5,31569
tt1389072,5.8,137032
tt13918550,4.5,4883
tt13923216,6.3,7359
tt13924926,3.8,2029
tt13929998,5.5,6380
tt13932410,6.0,2300
tt1396484,7.3,690205
tt13978306,4.2,14725
tt13989030,5.3,12653
tt14001894,5.3,8802
tt14033502,6.5,11844
tt14036276,4.3,1224
tt14037272,4.3,1913
tt14042038,5.0,347
tt14060094,4.9,28370
tt14060232,5.3,12746
tt14064380,6.0,183
tt14073780,5.1,602
tt14074936,2.7,574
tt14081736,6.5,820
tt14083716,3.4,734
tt14104600,6.4,959
tt14109724,6.1,80754
tt14114802,7.2,85685
tt14118246,5.3,751
tt14121726,2.6,17123
tt14128670,6.3,42987
tt1413492,6.5,100282
tt14138650,6.6,140173
tt14147224,4.6,9078
tt14156930,6.0,174
tt14158554,4.5,8083
tt14168118,7.1,10320
tt14169248,5.8,143
tt14169296,5.3,66
tt14174168,3.9,3601
tt14174940,4.7,29463
tt14199590,5.7,8016
tt14201576,6.0,1622
tt14208870,7.5,133786
tt14209916,5.9,125764
tt14211906,4.4,239
tt14212142,4.6,361
tt14220888,5.8,42
tt14253846,6.7,62987
tt14267154,4.1,2437
tt14270848,5.5,2986
tt14292584,7.1,71
tt14298328,6.3,26964
tt14300504,6.0,798
tt14305564,6.1,1066
tt14309446,5.1,45129
tt14315566,5.1,1553
tt14323152,4.5,15
tt14324650,7.3,22576
tt14326062,5.2,211
tt14330236,4.8,2640
tt14336174,6.3,2921
tt14349032,6.0,16664
tt14366176,7.5,62
tt14369780,6.6,27352
tt14371426,6.2,1060
tt14376344,7.3,30987
tt14394620,4.7,2995
tt14402146,6.7,27125
tt14402926,7.2,19172
tt14412366,3.5,5489
tt14439896,6.5,35822
tt14442328,2.5,622
tt14444726,7.4,108912
tt14458442,6.5,20230
tt14463484,5.5,24849
tt14463514,5.7,3441
tt14465706,6.3,7100
tt14465894,5.8,5997
tt14472156,5.0,6358
tt14502344,4.0,13706
tt14506528,6.2,10613
tt14534992,4.9,738
tt14542254,6.7,8087
tt14549466,5.8,46623
tt14550642,5.3,9173
tt14555174,3.3,1905
tt14577300,3.3,6197
tt14577304,3.0,1927
tt1458169,5.9,40977
tt14585564,5.4,32
tt14592064,6.0,24141
tt14592948,6.5,15978
tt14624330,6.7,444
tt1462764,6.5,231044
tt14636114,5.7,243
tt14641788,6.8,117612
tt14642626,6.0,24218
tt1464335,6.3,296819
tt14656632,3.7,4962
tt14657248,6.2,53
tt14661820,6.9,19
tt14668196,6.1,741
tt14668358,2.1,279
tt14668630,6.1,17938
tt14686544,4.5,5550
tt1469304,5.5,217647
tt14714980,5.2,15992
tt14715170,5.3,33789
tt14726510,4.8,2185
tt14770620,5.5,3401
tt14773112,5.0,140
tt1477834,6.8,550852
tt14781036,5.5,24136
tt1478839,7.6,48117
tt14803538,6.6,3442
tt14813212,4.5,12745
tt14814040,6.1,21125
tt14817272,5.7,35756
tt14821406,6.7,1017
tt14824590,5.5,18305
tt14826022,5.5,67028
tt14846026,6.9,118046
tt14847302,5.4,687
tt14849038,3.8,3304
tt14850172,3.8,1085
tt14857730,5.4,5942
tt1485796,7.5,344479
tt14873054,5.1,3791
tt1488589,7.6,143255
tt1488606,6.5,160427
tt14891922,6.5,292
tt14895206,5.4,7773
tt1489887,7.1,139689
tt14900738,5.7,14840
tt14901058,6.5,9141
tt14912006,2.7,980
tt14921570,4.6,1468
tt14923008,5.0,7608
tt14923260,5.6,8089
tt14927188,5.0,421
tt14935038,4.9,1487
tt14938014,5.9,37
tt14967618,4.5,6202
tt14973630,2.7,1215
tt14992922,7.1,77429
tt14993352,5.2,4945
tt14995258,5.8,4469
tt15005796,4.2,171
tt15006566,7.5,25058
tt15006754,4.8,2245
tt1502407,6.5,185914
tt15038118,6.3,918
tt15062234,5.6,32
tt15083184,6.2,38944
tt15091284,6.1,1552
tt15092772,5.6,565
tt15094426,3.6,131
tt15094740,7.6,37
tt15096128,6.3,11793
tt15096796,5.0,1413
tt15106860,2.8,1350
tt15107080,3.9,11
tt15128358,6.9,4856
tt15131130,4.1,849
tt15153532,6.3,37537
tt1517268,6.8,662349
tt1517451,7.6,446915
tt15189534,5.8,5574
tt15198608,4.4,10306
tt15206378,5.4,7765
tt15213704,6.4,963
tt15215512,6.1,19306
tt15218000,6.7,15587
tt15229674,5.6,6927
tt15242330,8.0,12742
tt15248702,5.6,3974
tt15255288,5.7,82996
tt15255876,6.7,66779
tt15262370,3.2,2596
tt15275256,5.5,4882
tt15287198,3.4,17
tt15289240,5.6,13997
tt15296186,5.8,3530
tt15296598,6.8,73
tt15301048,7.6,35947
tt15307230,5.4,1498
tt15325794,6.4,134745
tt15326988,5.8,79490
tt15327522,5.3,187
tt15329224,6.9,3945
tt15333788,4.4,2065
tt15333984,5.7,9802
tt15334430,6.1,7101
tt15339570,6.8,36228
tt15340808,4.7,1977
tt15353964,5.7,18852
tt15360384,4.2,1393
tt1536537,6.8,143991
tt15374070,5.6,16915
tt15387128,3.4,1143
tt15389372,2.9,254
tt15391770,4.3,5709
tt15399372,7.0,2769
tt15426938,7.2,62
tt15427420,2.6,386
tt15437042,5.7,153
tt15438542,3.8,2600
tt15441472,4.9,4824
tt15445056,6.8,25366
tt15466426,6.8,2360
tt15471560,6.4,6375
tt15474916,6.5,236342
tt15486810,5.6,16916
tt1551614,4.3,995
tt15536668,6.7,3886
tt15538570,7.1,3108
tt15553758,7.2,472
tt15558152,4.3,3405
tt15565714,5.3,1034
tt1560220,6.6,223956
tt1563742,6.0,44511
tt15654800,6.6,4934
tt15671028,6.3,213267
tt15676664,5.5,5301
tt15679400,6.1,140600
tt15686024,5.4,737
tt15690300,4.3,4501
tt15693006,6.6,15
tt1571234,6.1,152320
tt15713012,5.8,2471
tt15721088,4.9,3458
tt15727294,6.7,200
tt15738214,8.2,45
tt15740736,6.5,2170
tt15745084,4.2,1900
tt15745226,5.7,1741
tt15751968,4.3,158
tt15777864,7.7,4679
tt15789038,7.0,162159
tt15789492,5.6,5559
tt15790974,3.9,1660
tt15791034,7.0,256063
tt15815090,5.8,792
tt15826266,6.0,59
tt15829724,4.9,3149
tt15847828,5.2,2168
tt15847872,4.0,553
tt15847880,5.6,1811
tt15852350,4.0,25
tt15893750,7.2,15947
tt1590193,6.3,133431
tt15941636,6.3,1553
tt1596342,5.6,29532
tt1596557,4.8,1206
tt15978956,4.9,6220
tt16027944,6.6,2867
tt16088674,5.0,1102
tt16127696,5.0,8177
tt1615160,7.0,131821
tt1618434,6.1,188559
tt1620981,5.9,49252
tt16233476,5.3,37
tt16233952,6.2,13366
tt16280138,5.2,19788
tt16283622,8.3,10
tt1630029,7.5,604578
tt16306510,6.2,268
tt16375952,4.5,3180
tt16413912,9.8,46
tt16419074,7.4,193581
tt16430904,7.9,499
tt16436056,4.9,322
tt16437278,4.9,13348
tt16449394,7.1,26
tt1648190,5.6,155038
tt16491324,6.5,11786
tt1649418,6.5,270079
tt16527290,3.7,2003
tt1655389,5.4,78032
tt1655444,4.9,1630
tt16589584,5.2,39
tt16611138,2.5,687
tt16636178,3.2,268
tt16757252,4.5,792
tt1677720,7.4,538130
tt1691916,6.4,60269
tt17041964,7.8,48126
tt17042714,2.9,743
tt17049058,4.8,282
tt17076046,6.8,48208
tt17080412,4.7,1968
tt17196124,4.3,8900
tt17202326,4.6,3712
tt17219636,4.3,166
tt17221298,4.5,3433
tt1727824,7.9,640923
tt17291716,5.0,2683
tt17321230,6.4,3756
tt17371488,6.2,12
tt17372462,4.2,1387
tt1745960,8.2,848777
tt17527124,4.4,1485
tt1753383,7.3,85934
tt17595262,6.4,2948
tt17658456,7.3,276
tt17663992,6.4,149456
tt1777606,6.5,11756
tt1785635,4.9,14264
tt1790809,6.5,382277
tt1798632,4.6,25470
tt18059108,7.5,1018
tt18072540,5.2,1938
tt18079362,5.9,13879
tt18082726,4.7,886
tt18082758,5.3,5771
tt18092672,6.6,3982
tt1825683,7.3,903788
tt18264266,4.9,658
tt18376122,7.2,14253
tt18393816,4.8,920
tt18394428,3.3,4727
tt18436930,6.4,720
tt18450548,5.2,2175
tt1846589,6.6,80301
tt1856101,8.0,746698
tt18563148,6.3,4809
tt18688184,5.5,2342
tt18747542,6.7,6716
tt1877830,7.8,918169
tt18925334,7.0,157010
tt18950998,7.4,17
tt19034332,6.2,6098
tt19113302,6.5,1614
tt19246408,6.8,8511
tt1935194,5.4,17973
tt19408390,5.8,27
tt1950186,8.1,564403
tt19512922,6.1,41
tt1959563,6.9,261603
tt1961175,6.2,100027
tt19637852,6.6,5996
tt19704612,5.8,2912
tt19724142,5.8,9725
tt19724270,5.7,749
tt1972591,6.7,246266
tt19758012,6.7,2193
tt19770238,7.6,126232
tt1979376,7.6,311492
tt1981128,5.4,131967
tt19820906,3.7,98
tt19853002,6.4,50
tt19864828,6.7,10307
tt19869024,4.7,1310
tt1987680,7.1,69587
tt19880966,7.8,11
tt19885330,5.8,33
tt19896418,5.8,319
tt20101986,3.7,1322
tt20192230,6.2,6087
tt20225374,6.0,26916
tt2034176,3.8,3858
tt20418306,7.1,878
tt20567314,5.3,3813
tt2072233,5.6,36405
tt2076822,5.7,63146
tt20855032,7.2,25
tt20879602,5.0,11608
tt2091256,6.2,36281
tt20917338,6.2,9201
tt21059520,7.3,25354
tt21072134,9.4,11
tt21078728,4.3,682
tt21094962,9.2,97
tt21094994,4.6,6645
tt2114504,4.2,6071
tt21148942,5.1,153
tt21149522,6.0,2214
tt2119543,6.1,59338
tt21199996,4.4,1042
tt21222434,4.7,2744
tt21228320,6.5,197
tt21245882,5.2,9621
tt21249656,4.0,893
tt21249716,6.0,66
tt21277532,4.5,673
tt21281688,4.4,523
tt21281774,7.0,1614
tt21293676,5.3,1126
tt21307994,4.7,20585
tt21326658,3.5,4944
tt21340412,6.9,7695
tt21359852,4.0,125
tt21378968,7.2,1645
tt21379574,5.9,4160
tt21391230,4.5,76
tt21399082,3.8,1509
tt21426434,2.8,1256
tt21435436,3.9,2538
tt21440188,4.5,4902
tt21440780,6.9,12301
tt21477618,6.7,4718
tt21606432,5.4,56
tt21651560,5.2,11247
tt21654704,5.7,1604
tt21742248,4.5,842
tt2180339,5.5,70638
tt21817022,5.9,157
tt21819250,7.3,6757
tt21821944,5.9,23
tt21833464,6.2,953
tt21836538,7.1,6541
tt21836576,6.0,238
tt21836592,5.6,304
tt21837726,7.4,12306
tt2184390,4.3,1195
tt21850902,6.6,60
tt21860836,7.3,2381
tt21862626,5.0,1920
tt21874184,7.4,8
tt21916206,3.6,1970
tt21929356,7.0,4673
tt21932256,3.4,142
tt21933110,5.1,7920
tt21946802,4.3,40
tt21988454,4.2,334
tt21990264,4.6,22
tt21991298,3.9,11
tt22017230,6.3,214
tt22037488,7.4,18
tt22077666,5.5,327
tt22091698,5.7,1969
tt22185848,5.6,2783
tt2226597,6.4,88089
tt2231461,6.1,200288
tt22356366,7.6,22
tt22394702,3.5,1957
tt2239822,6.4,208671
tt22408766,2.6,496
tt22437050,5.6,1849
tt2249081,6.0,3212
tt22495364,4.7,418
tt2250912,7.4,789845
tt22526694,4.2,10
tt22534924,8.0,54
tt22656762,6.9,2584
tt2274648,5.3,106995
tt22769820,5.9,5651
tt22774688,3.1,1455
tt22802094,7.3,27
tt2283336,5.6,159700
tt2283362,6.9,498466
tt22900124,5.7,1688
tt23036332,6.5,799
tt23132146,5.6,19
tt23138450,6.1,30
tt23147592,5.7,1288
tt2316204,6.4,343068
tt2316548,5.3,17442
tt23186596,5.1,892
tt2328678,5.2,7085
tt2328900,6.3,60207
tt23330084,5.0,191
tt23330518,4.8,549
tt23343786,5.0,2318
tt2345759,5.4,220944
tt23489688,4.4,297
tt2353868,6.8,12179
tt23553530,5.7,259
tt23622516,4.3,393
tt23622578,6.8,190
tt23623604,6.6,63
tt23645498,9.4,11
tt23709686,3.4,198
tt23722792,4.6,4945
tt23724546,4.1,775
tt23777532,4.6,31
tt23782662,4.8,2388
tt2380307,8.4,698636
tt23805688,5.6,37
tt23808016,4.8,1185
tt2382320,7.3,484147
tt2386490,7.4,177245
tt23873674,5.5,78
tt23898856,5.1,1794
tt23952252,3.4,222
tt2397461,5.9,18736
tt2398241,6.0,27323
tt24058992,8.8,11
tt2406566,6.7,219116
tt2463208,6.7,255982
tt2481498,6.7,111982
tt25032152,6.9,68
tt25145532,7.5,117
tt2531344,6.2,91598
tt2543472,7.9,195488
tt2557478,5.6,136379
tt2560078,6.5,40817
tt2560092,6.6,6725
tt25602750,6.3,6517
tt2568862,6.6,98383
tt2584384,7.9,484452
tt25872924,5.8,1482
tt25994098,4.0,511
tt26082988,3.9,197
tt2620590,5.0,31071
tt26350277,6.3,18813
tt2639336,6.1,41733
tt26426489,4.6,581
tt26599553,5.3,21
tt26624713,5.1,149
tt26671717,5.0,692
tt26679110,4.7,6
tt26680124,5.6,135
tt26734145,4.5,745
tt26739529,5.4,5643
tt26739643,5.5,323
tt26749243,7.0,28
tt26763229,4.9,997
tt26820882,3.1,167
tt2690634,5.1,851
tt26931203,5.6,270
tt27005395,5.2,282
tt27049583,6.5,51
tt2704998,6.9,275901
tt27078772,7.3,3198
tt27079350,5.6,91
tt2709692,6.4,113182
tt27116016,5.2,6974
tt27155038,5.7,14286
tt27163202,9.2,27
tt27191541,4.8,163
tt27272780,5.1,121
tt27331307,9.3,41
tt27351126,8.0,12
tt27373005,4.8,308
tt2737304,6.6,419364
tt27441563,5.8,25
tt27441678,6.3,198
tt27443929,4.5,71
tt27554611,6.9,31
tt2771200,7.1,357034
tt27731657,5.9,44
tt27834173,3.3,223
tt27850479,6.7,1363
tt27881382,3.1,1305
tt27896561,8.2,23
tt2798920,6.8,391475
tt28021989,4.5,8
tt2854926,6.5,160410
tt2872518,6.3,42360
tt2873282,6.6,216860
tt28779759,2.5,16
tt2906216,7.2,271767
tt2935622,5.9,41626
tt29370515,7.1,13
tt29406353,2.4,11
tt29415706,7.9,34
tt2943946,4.8,555
tt2953050,7.2,294541
tt29578947,5.8,7
tt2980152,3.8,4524
tt2992252,3.9,1445
tt3014284,6.1,33985
tt3031654,8.2,7446
tt30448039,6.6,40
tt3055010,6.9,53
tt3104988,6.9,207617
tt31050020,7.2,2492
tt31324218,9.0,11
tt3155298,6.4,72110
tt3183402,5.9,1542
tt3201640,5.8,61722
tt3215824,6.0,78208
tt3228774,7.3,293931
tt3256226,4.8,37825
tt3263946,7.1,16131
tt3272066,5.9,70635
tt3280262,5.3,33849
tt33090645,8.0,32
tt3315342,8.1,920068
tt3348730,5.7,102042
tt3371366,5.2,184731
tt3387520,6.2,91760
tt3401882,5.6,48566
tt3402236,6.5,319773
tt3411444,6.7,70592
tt3416670,5.8,2318
tt3420504,6.9,110504
tt3450958,7.4,325079
tt3462710,5.2,17916
tt3467362,6.0,302
tt3469046,6.3,178902
tt3480822,6.6,473570
tt3501112,5.8,24512
tt3501632,7.9,888496
tt3513498,6.5,84427
tt3513500,6.9,50626
tt3532216,7.1,231433
tt3543918,3.5,1385
tt3554046,4.5,86367
tt3564472,6.2,42706
tt3581652,7.1,122058
tt3584496,4.3,11385
tt3606752,6.7,148651
tt3606756,7.5,367178
tt3626476,6.3,33732
tt3662308,6.0,5036
tt3696180,6.1,11646
tt3704428,7.3,259692
tt3706352,6.2,31921
tt3717490,5.9,118966
tt3727750,6.8,22
tt3731562,6.7,372446
tt3741700,6.0,227521
tt3748172,6.5,141403
tt3758162,4.8,7866
tt3758172,6.7,70145
tt3766354,6.7,227201
tt3778644,6.9,406844
tt3799232,5.9,103170
tt3811906,6.2,120776
tt3829266,5.3,161781
tt3829920,7.6,90823
tt3833480,6.9,47436
tt3846674,7.0,138801
tt3861390,6.2,88016
tt3874544,6.3,156570
tt3876910,5.2,11321
tt3890160,7.5,678772
tt3896102,6.2,4528
tt3896198,7.6,823369
tt3915174,7.8,221885
tt3917506,5.6,3650
tt3920820,7.2,10803
tt3922818,6.4,58617
tt3967856,7.3,141177
tt4006302,6.1,19008
tt4029412,3.6,4490
tt4034112,7.0,27
tt4073790,5.7,40219
tt4080956,6.8,28653
tt4081630,6.7,18534
tt4103724,6.6,24974
tt4106376,5.5,12520
tt4116284,7.3,191042
tt4123430,6.5,330063
tt4123432,6.2,191376
tt4126476,5.3,75281
tt4131800,6.1,8911
tt4136456,5.0,10635
tt4139588,6.3,106524
tt4154664,6.7,654545
tt4154756,8.4,1358352
tt4154796,8.4,1431021
tt4155534,5.8,4454
tt4209788,7.4,202604
tt4218572,6.8,108804
tt4225622,6.4,121139
tt4244994,7.3,204830
tt4244998,6.6,71442
tt4266076,6.0,18873
tt4273800,6.8,89885
tt4287320,5.4,105081
tt4294970,5.8,678
tt4299234,3.5,45
tt4332232,6.5,111538
tt4367326,4.8,47
tt4425200,7.4,566197
tt4428398,5.8,7485
tt4439620,4.5,24573
tt4459134,5.3,1259
tt4460430,4.9,120
tt4465564,4.6,120744
tt4468740,7.8,112914
tt4471908,5.5,8205
tt4477536,4.6,82500
tt4479380,5.3,23270
tt4481414,7.6,157729
tt4481514,5.6,50105
tt4500922,6.3,189298
tt4513678,7.0,239809
tt4520988,6.8,217245
tt4530422,6.6,115078
tt4532826,5.4,86104
tt4555426,7.4,241984
tt4560436,6.1,93272
tt4575576,7.2,90387
tt4581576,5.7,28429
tt4587656,6.3,10801
tt4590256,4.4,32244
tt4593060,5.1,46357
tt4595186,6.4,59847
tt4614584,6.7,70364
tt4624366,4.7,5662
tt4630562,6.6,272801
tt4633690,7.3,112779
tt4633694,8.4,779451
tt4649466,6.7,399291
tt4663548,6.3,2268
tt4667610,3.7,631
tt4687108,5.5,72893
tt4701182,6.7,206787
tt4729430,8.2,234284
tt4729896,6.9,2756
tt4733624,6.6,46386
tt4769758,2.5,256
tt4777008,6.6,131335
tt4779682,5.7,226531
tt4788734,4.3,1179
tt4795124,6.0,18983
tt4799066,6.6,39629
tt4815122,6.2,49572
tt4876134,4.5,15273
tt4877122,3.5,79024
tt4881806,6.1,378572
tt4912910,7.7,417599
tt4913966,5.3,65463
tt4925292,7.4,361187
tt4960748,7.2,17695
tt4998632,6.1,112306
tt5001754,5.9,44093
tt5012504,6.4,18286
tt5013056,7.8,801948
tt5027774,8.1,603071
tt5028340,6.6,100488
tt5033998,5.0,84684
tt5034838,6.3,265435
tt5034870,5.1,124
tt5052448,7.8,809033
tt5052474,7.1,189661
tt5090568,6.0,130028
tt5093026,7.2,95126
tt5095030,7.0,491429
tt5104604,7.8,209706
tt5108870,5.1,170558
tt5109280,7.3,186737
tt5109784,6.6,266956
tt5113040,6.4,77612
tt5113044,6.5,104234
tt5116302,7.9,61759
tt5117670,6.6,52534
tt5140878,6.5,168856
tt5151570,7.1,36605
tt5155360,6.9,49
tt5159414,4.2,15259
tt5164214,6.3,260037
tt5164432,7.5,133772
tt5168832,5.5,2898
tt5177088,6.1,55315
tt5181830,6.4,14808
tt5220122,6.3,98529
tt5246700,5.1,63167
tt5308322,6.6,184435
tt5315210,6.1,38160
tt5315212,5.5,47886
tt5316540,5.7,28631
tt5322012,5.1,25650
tt5360952,5.2,23629
tt5360996,5.9,12218
tt5362988,7.7,312378
tt5433138,5.2,178752
tt5433140,5.7,144473
tt5439796,7.0,175939
tt5442430,6.6,275702
tt5448338,6.0,2346
tt5463162,7.6,739727
tt5481010,5.1,759
tt5493944,4.3,9876
tt5500218,5.7,61073
tt5503686,6.3,112532
tt5519340,6.3,209165
tt5523010,5.6,40407
tt5533370,5.5,17218
tt5539054,4.7,15124
tt5562070,7.2,38574
tt5563324,5.3,24538
tt5580036,7.5,260281
tt5580266,7.5,43472
tt5580390,7.3,473520
tt5606664,7.3,243378
tt5610626,5.3,3181
tt5624466,5.7,7135
tt5628302,6.8,17809
tt5638642,6.4,141521
tt5657846,6.1,92147
tt5664636,5.6,26233
tt5690360,3.3,42731
tt5698320,5.7,5064
tt5699928,4.6,2985
tt5709188,5.3,14479
tt5715410,6.1,9044
tt5715874,7.0,213333
tt5719748,6.2,84288
tt5726086,5.7,79544
tt5726616,7.8,356056
tt5734576,5.2,29227
tt5748392,4.3,4521
tt5758778,5.8,144612
tt5761544,6.1,46293
tt5770864,5.2,11565
tt5779372,5.8,4963
tt5790684,6.0,1421
tt5804314,4.7,3507
tt5814060,5.4,194048
tt5834426,5.2,111827
tt5834760,5.8,24302
tt5848272,7.0,203713
tt5862312,6.2,52826
tt5884796,6.5,102938
tt5886046,6.4,158532
tt5886440,6.7,49443
tt5911032,3.6,715
tt5932368,3.0,5728
tt5941158,8.3,9
tt5943424,5.7,55
tt5968394,6.0,60357
tt5971474,7.2,177671
tt5989408,9.2,13
tt6003368,4.3,12729
tt6014472,4.6,5113
tt6017942,5.8,20221
tt6020800,5.4,14111
tt6028328,5.1,29
tt6032076,7.1,107
tt6043142,6.8,21454
tt6048930,5.4,23228
tt6054650,6.1,1270
tt6079772,6.1,42167
tt6095472,6.4,41650
tt6097798,6.2,21994
tt6105098,6.8,290424
tt6108178,6.6,39846
tt6113488,6.4,11715
tt6131110,4.4,20
tt6133466,5.2,77881
tt6139732,6.9,312992
tt6141246,6.6,39905
tt6143782,3.8,2223
tt6146586,7.4,476746
tt6160448,5.7,47514
tt6173712,3.9,638
tt6173990,7.3,15478
tt6184774,6.6,213
tt6189022,6.4,122106
tt6194530,6.6,3615
tt6195094,6.4,46283
tt6196936,6.0,8831
tt6243140,5.8,10975
tt6246322,6.0,81277
tt6259380,6.1,57600
tt6264654,7.1,484046
tt6286798,5.4,23
tt6301452,5.2,4276
tt6313896,5.9,76
tt6320628,7.3,631662
tt6324278,7.0,46577
tt6334354,7.2,455228
tt6338498,6.7,23462
tt6340604,6.2,4807
tt6341832,6.5,47942
tt6343314,7.1,169055
tt6344890,3.7,137
tt6348138,6.7,30639
tt6349302,5.6,7878
tt6371746,7.0,27
tt6400726,6.4,84
tt6402468,6.1,60111
tt6412452,7.2,183161
tt6414890,4.7,1373
tt6421118,4.2,705
tt6427854,2.1,544
tt6428676,5.9,13608
tt6442686,4.4,2120
tt6443294,6.6,3948
tt6443346,6.1,302005
tt6450186,7.3,20369
tt6450804,6.2,211100
tt6463468,5.8,34
tt6467266,7.3,100192
tt6472976,7.2,96023
tt6494418,4.3,18502
tt6499752,7.5,231993
tt6513656,3.9,38063
tt6523720,6.2,16368
tt6528290,4.4,17998
tt6533240,6.0,31638
tt6535880,6.3,45386
tt6563576,4.9,8579
tt6566576,6.2,109242
tt6570098,4.9,2546
tt6613952,4.1,2131
tt6643972,5.6,13705
tt6644200,7.5,653298
tt6652708,4.5,5062
tt6654210,5.5,70087
tt6661616,5.3,671
tt6662296,5.8,34
tt6671772,6.8,7
tt6705162,4.6,7334
tt6708668,5.7,28525
tt6710474,7.7,623348
tt6714432,6.0,3456
tt6718170,7.0,284641
tt6722802,5.4,14642
tt6733874,5.6,8005
tt6738136,6.4,64397
tt6751468,5.2,88
tt6772950,5.3,73473
tt6802400,5.3,80851
tt6805938,5.2,7499
tt6806448,6.4,255591
tt6811018,6.1,20372
tt6823148,6.7,29505
tt6823368,6.6,302328
tt6848736,7.7,663
tt6850820,6.5,75544
tt6851430,7.0,1278
tt6852284,6.1,359
tt6856242,6.3,194683
tt6857112,6.8,388548
tt6857376,7.3,50978
tt6869948,5.0,8
tt6896396,6.1,39
tt6902332,5.7,48748
tt6908274,7.4,70824
tt6910020,2.4,23199
tt6911608,6.6,119613
tt6920084,5.2,71153
tt6921996,6.2,90274
tt6924650,6.7,104529
tt6932874,5.9,26146
tt6951892,4.6,5241
tt6964562,3.8,1369
tt6966692,8.2,677181
tt6969338,3.4,613
tt6977338,6.7,89271
tt6986990,5.2,1170
tt6987770,6.0,36388
tt6998518,6.5,98274
tt6999052,7.4,5969
tt7002100,7.3,49
tt7021436,7.1,24
tt7027210,6.9,518
tt7042232,7.4,10
tt7050082,5.3,223
tt7069210,6.2,167546
tt7083526,6.3,11830
tt7090140,6.0,2514
tt7094436,5.4,20
tt7097896,5.9,301371
tt7110510,4.2,218
tt7126776,5.1,714
tt7144666,6.9,259964
tt7161338,8.6,6
tt7167686,6.8,20068
tt7214954,6.5,35110
tt7233828,4.4,3120
tt7259986,6.7,376
tt7286456,8.3,1679365
tt7308086,4.0,1950
tt7312940,3.6,12136
tt7315484,5.4,55507
tt7316576,4.2,2218
tt7319486,3.6,1370
tt7322224,7.2,214250
tt7329656,5.0,33530
tt7334528,5.8,17021
tt7335324,4.8,424
tt7339792,5.8,3741
tt7339862,3.3,1701
tt7367960,7.1,7515
tt7370020,5.5,329
tt7382730,6.9,2072
tt7384848,5.8,2584
tt7388562,6.7,11326
tt7401588,7.3,134743
tt7405458,7.5,208129
tt7424200,6.7,23602
tt7448180,5.9,9837
tt7456310,6.7,106928
tt7461272,6.5,7263
tt7466442,7.0,24064
tt7469828,5.7,7881
tt7504818,7.1,45145
tt7533152,7.6,51524
tt7537860,5.7,111
tt7547410,6.1,39059
tt7549892,6.5,29886
tt7550014,6.2,38562
tt7557104,5.0,17
tt7596914,7.8,8
tt7598076,5.4,4889
tt7616798,6.7,22525
tt7634968,5.4,34629
tt7653254,7.9,370106
tt7657566,6.3,208842
tt7661648,3.5,461
tt7668870,7.6,191477
tt7681970,5.4,1846
tt7689186,7.2,535
tt7693316,6.6,32418
tt7737528,6.3,76556
tt7740496,7.0,181618
tt7740510,5.9,49348
tt7752126,6.1,120429
tt7765232,7.3,36
tt7775720,7.4,9453
tt7781432,6.4,16205
tt7784604,7.3,450452
tt7798604,6.1,36688
tt7798634,6.8,232033
tt7830806,5.3,7574
tt7876272,5.5,128
tt7888964,7.4,387752
tt7946422,6.3,40094
tt7947604,6.7,9039
tt7959026,7.0,167800
tt7959500,3.7,5544
tt7974634,5.5,360
tt7975244,6.6,316631
tt7985704,6.3,109714
tt7991608,6.3,352159
tt8005118,4.4,4839
tt8009314,5.7,8897
tt8009428,7.3,162930
tt8049994,5.3,418
tt8075016,4.8,12407
tt8080204,5.5,45973
tt8085790,5.6,15966
tt8093700,6.9,82560
tt8096832,6.2,26423
tt8097030,6.9,172193
tt8101238,5.2,121
tt8106534,6.1,210247
tt8110232,6.3,68289
tt8110652,6.2,89353
tt8114980,5.5,43828
tt8115900,6.9,78614
tt8129682,3.6,1382
tt8130490,4.7,9
tt8130518,3.8,4676
tt8150814,4.9,22358
tt8151450,3.3,149
tt8155182,5.0,6562
tt8155288,6.2,95252
tt8174450,5.6,514
tt8186318,6.7,6580
tt8241000,5.5,3930
tt8271182,4.9,172
tt8277246,5.9,2927
tt8286194,3.7,632
tt8296030,6.4,13647
tt8303680,8.1,17
tt8323668,6.9,33853
tt8328716,3.8,11118
tt8333746,6.3,15806
tt8337158,6.0,9790
tt8350360,5.9,100879
tt8354218,6.2,3805
tt8356942,5.6,43371
tt8363392,3.9,5416
tt8364368,6.1,102036
tt8365002,5.0,309
tt8368406,5.9,89171
tt8368408,6.1,55485
tt8376234,6.2,16788
tt8378126,7.0,16867
tt8385148,6.1,118675
tt8385474,7.5,32537
tt8404256,5.4,48122
tt8430862,7.9,13
tt8456190,5.7,2036
tt8485364,6.1,26311
tt8485462,3.3,25
tt8507530,5.4,102
tt8514848,5.3,2612
tt8521736,6.2,6936
tt8521876,5.7,34597
tt8545352,8.4,15
tt8545482,5.1,6123
tt8550054,6.3,26107
tt8589698,7.2,77496
tt8593824,5.6,11086
tt8613070,8.0,126079
tt8663516,5.7,60265
tt8688634,6.7,80388
tt8745676,7.4,40172
tt8746404,3.3,5415
tt8752498,5.9,9371
tt8760708,6.3,180354
tt8772262,7.1,478904
tt8781414,6.7,44540
tt8811670,5.9,53
tt8816412,5.9,122
tt8851148,5.9,12041
tt8883486,5.9,14748
tt8889818,3.4,1757
tt8907882,4.5,1786
tt8912936,6.8,79733
tt8916694,5.8,235
tt8946378,7.9,870681
tt8980128,4.4,2598
tt9000184,5.7,19102
tt9005184,5.8,14634
tt9019352,4.3,1374
tt9032400,6.2,424092
tt9038290,5.6,1328
tt9051908,7.2,39236
tt9054192,6.4,29302
tt9060390,6.0,229
tt9062580,6.5,311
tt9071456,5.8,12500
tt9077376,5.3,168
tt9110170,5.6,41812
tt9114286,6.6,366280
tt9130508,6.6,41713
tt9134216,5.2,17714
tt9173154,4.7,6708
tt9173998,6.2,31
tt9179974,6.6,2156
tt9183978,4.6,3848
tt9198364,6.7,72026
tt9203694,5.7,56365
tt9224104,5.0,100808
tt9230436,3.6,34
tt9271672,5.4,20987
tt9274670,4.7,6462
tt9288046,7.0,64795
tt9288692,6.0,29026
tt9288748,6.5,4129
tt9288822,6.6,49143
tt9340892,6.3,7622
tt9347730,5.9,82962
tt9362722,8.5,512784
tt9362930,5.9,115596
tt9365800,3.3,2562
tt9376612,7.3,484497
tt9378600,8.5,28
tt9382172,2.5,947
tt9411972,7.2,156728
tt9419056,5.1,30850
tt9419884,6.9,540273
tt9421570,6.3,173253
tt9427166,6.0,3747
tt9428746,7.2,3396
tt9477532,6.2,464
tt9531772,5.8,81158
tt9585676,6.3,4209
tt9603212,7.6,324278
tt9620288,7.5,169336
tt9639470,7.0,198580
tt9658388,5.7,1400
tt9660502,7.8,46958
tt9663168,4.6,5126
tt9664108,5.5,29784
tt9669176,5.9,6781
tt9684220,6.5,28958
tt9686790,5.5,42453
tt9701940,6.7,89818
tt9701942,6.6,75037
tt9728306,3.9,331
tt9731386,6.5,16441
tt9731598,6.3,39312
tt9731682,6.2,15240
tt9764362,7.2,491607
tt9777666,6.6,251859
tt9783600,5.5,72601
tt9783730,5.7,863
tt9844522,5.8,67954
tt9848626,6.0,46952
tt9853500,6.5,17352
tt9892546,5.1,56
tt9896916,6.5,1061
tt9898844,3.1,572
